,346 the
,228 and
,208 of
,168 to
,108 is
,107 that
, 86 a
, 76 in
, 71 scientific
, 61 climate
, 57 it
, 56 on
, 53 can
, 49 evidence
, 44 change
, 42 not
, 42 for
, 38 co2
, 38 as
, 37 you
, 34 human
, 33 by
, 32 or
, 31 understanding
, 30 this
, 30 have
, 30 are
, 28 consensus
, 28 be
, 27 nitrogen
, 26 research
, 25 our
, 24 i
, 23 while
, 22 s
, 22 indirect
, 21 with
, 20 process
, 20 carbon
, 19 emissions
, 18 use
, 17 such
, 17 chatgpt
, 16 these
, 16 their
, 16 soil
, 16 potential
, 16 has
, 15 help
, 15 earth
, 15 ai
, 14 more
, 14 may
, 14 information
, 13 which
, 13 when
, 13 important
, 13 fertilizer
, 13 any
, 12 impacts
, 12 footprint
, 12 field
, 12 community
, 12 but
, 12 between
, 12 been
, 12 based
, 12 activities
, 11 we
, 11 scientists
, 11 provide
, 11 over
, 11 my
, 11 like
, 11 funding
, 11 critical
, 11 concepts
, 11 concept
, 11 an
, 10 well
, 10 various
, 10 there
, 10 reducing
, 10 other
, 10 humans
, 10 efforts
, 10 crop
,  9 your
,  9 without
,  9 was
,  9 time
,  9 support
,  9 science
,  9 open
,  9 natural
,  9 models
,  9 knowledge
,  9 its
,  9 however
,  9 how
,  9 grants
,  9 fertilizers
,  8 us
,  8 through
,  8 theoretical
,  8 reduce
,  8 only
,  8 new
,  8 me
,  8 into
,  8 induced
,  8 including
,  8 greenhouse
,  8 from
,  8 does
,  8 complex
,  8 approach
,  7 sustainable
,  7 questions
,  7 quality
,  7 planet
,  7 no
,  7 negative
,  7 many
,  7 levels
,  7 if
,  7 humanity
,  7 global
,  7 generated
,  7 fuels
,  7 factors
,  7 environment
,  7 ensure
,  7 development
,  7 data
,  7 associated
,  6 yields
,  6 years
,  6 world
,  6 what
,  6 true
,  6 system
,  6 sources
,  6 social
,  6 relationship
,  6 range
,  6 particularly
,  6 issues
,  6 fossil
,  6 existing
,  6 essential
,  6 environmental
,  6 energy
,  6 different
,  6 current
,  6 concentration
,  6 challenges
,  6 assist
,  6 agricultural
,  6 accurate
,  6 about
,  6 ability
,  5 would
,  5 will
,  5 warming
,  5 universe
,  5 understand
,  5 theory
,  5 than
,  5 supported
,  5 strategies
,  5 solutions
,  5 should
,  5 security
,  5 researchers
,  5 recognize
,  5 rather
,  5 questioning
,  5 question
,  5 purpose
,  5 provided
,  5 peer
,  5 often
,  5 observed
,  5 nutrient
,  5 note
,  5 model
,  5 matter
,  5 make
,  5 maintaining
,  5 long
,  5 life
,  5 lead
,  5 issue
,  5 increasing
,  5 increase
,  5 ideas
,  5 idea
,  5 government
,  5 food
,  5 exploring
,  5 explanations
,  5 even
,  5 established
,  5 diverse
,  5 dialogue
,  5 desire
,  5 contributed
,  5 contribute
,  5 consequences
,  5 burning
,  5 alternative
,  5 also
,  5 3
,  5 2
,  5 1
,  4 who
,  4 whether
,  4 validity
,  4 topic
,  4 times
,  4 temperature
,  4 supports
,  4 supporting
,  4 subjects
,  4 subject
,  4 structure
,  4 specific
,  4 some
,  4 so
,  4 since
,  4 significant
,  4 self
,  4 role
,  4 rise
,  4 review
,  4 resources
,  4 relevant
,  4 refining
,  4 records
,  4 public
,  4 promoting
,  4 projects
,  4 pressing
,  4 possible
,  4 political
,  4 please
,  4 phase
,  4 people
,  4 part
,  4 paid
,  4 overwhelming
,  4 noaa
,  4 nasa
,  4 must
,  4 mitigate
,  4 minimizing
,  4 maintain
,  4 m
,  4 link
,  4 lines
,  4 limiting
,  4 limited
,  4 large
,  4 involves
,  4 insights
,  4 inquiry
,  4 improve
,  4 impact
,  4 ice
,  4 hypothesis
,  4 hundreds
,  4 high
,  4 generate
,  4 gases
,  4 foundation
,  4 falling
,  4 experiments
,  4 excessive
,  4 effect
,  4 economic
,  4 due
,  4 driver
,  4 do
,  4 directly
,  4 direct
,  4 decisions
,  4 dark
,  4 concerns
,  4 concentrations
,  4 coleman
,  4 both
,  4 biases
,  4 best
,  4 being
,  4 at
,  4 application
,  4 analysis
,  4 am
,  4 advance
,  4 address
,  4 4
,  3 yet
,  3 yes
,  3 working
,  3 work
,  3 widespread
,  3 wide
,  3 whose
,  3 where
,  3 were
,  3 weather
,  3 violence
,  3 valuable
,  3 valid
,  3 trying
,  3 tower
,  3 towards
,  3 together
,  3 threaten
,  3 those
,  3 thinking
,  3 they
,  3 theories
,  3 them
,  3 term
,  3 temperatures
,  3 tell
,  3 study
,  3 still
,  3 status
,  3 sound
,  3 single
,  3 similarly
,  3 significantly
,  3 several
,  3 scientifically
,  3 robust
,  3 risks
,  3 rising
,  3 requires
,  3 require
,  3 rely
,  3 release
,  3 regarding
,  3 radiation
,  3 quo
,  3 prove
,  3 progress
,  3 problems
,  3 primary
,  3 present
,  3 practices
,  3 power
,  3 place
,  3 overall
,  3 organized
,  3 opposition
,  3 observational
,  3 need
,  3 nature
,  3 n2o
,  3 multiple
,  3 most
,  3 mitigating
,  3 merit
,  3 laypeople
,  3 language
,  3 know
,  3 ivory
,  3 inquiries
,  3 influences
,  3 influence
,  3 incomplete
,  3 include
,  3 hypotheses
,  3 here
,  3 health
,  3 goal
,  3 future
,  3 funded
,  3 focus
,  3 favor
,  3 experts
,  3 experiment
,  3 existence
,  3 exist
,  3 evolution
,  3 evaluation
,  3 engaging
,  3 ecosystems
,  3 dogma
,  3 discussions
,  3 dioxide
,  3 did
,  3 designed
,  3 degree
,  3 cycle
,  3 crucial
,  3 crops
,  3 critically
,  3 create
,  3 could
,  3 correcting
,  3 core
,  3 continuously
,  3 continue
,  3 consider
,  3 conducted
,  3 co
,  3 challenging
,  3 certain
,  3 case
,  3 cannot
,  3 body
,  3 biased
,  3 available
,  3 atmospheric
,  3 atmosphere
,  3 aspects
,  3 around
,  3 amount
,  3 agriculture
,  3 advancing
,  3 addressing
,  3 acknowledge
,  2 yourself
,  2 wrong
,  2 wind
,  2 why
,  2 whole
,  2 weight
,  2 way
,  2 waste
,  2 view
,  2 vast
,  2 variability
,  2 value
,  2 useful
,  2 upon
,  2 up
,  2 unquestionable
,  2 unintended
,  2 understood
,  2 typically
,  2 trapped
,  2 topics
,  2 tool
,  2 today
,  2 thoughts
,  2 thereby
,  2 then
,  2 testing
,  2 telling
,  2 tectonics
,  2 technology
,  2 synthetic
,  2 studied
,  2 strong
,  2 strengths
,  2 strength
,  2 species
,  2 solar
,  2 sea
,  2 scolded
,  2 scale
,  2 say
,  2 same
,  2 rotation
,  2 robustness
,  2 rigorous
,  2 right
,  2 revisions
,  2 reviewed
,  2 responsibility
,  2 responses
,  2 requirements
,  2 reproducibility
,  2 repetitive
,  2 relies
,  2 relevance
,  2 regardless
,  2 refine
,  2 real
,  2 re
,  2 pursuing
,  2 provides
,  2 proposed
,  2 properties
,  2 promote
,  2 productivity
,  2 production
,  2 processes
,  2 prioritization
,  2 preserve
,  2 precision
,  2 positive
,  2 plate
,  2 phenomenon
,  2 phenomena
,  2 phases
,  2 perspective
,  2 periods
,  2 perception
,  2 particular
,  2 oxide
,  2 output
,  2 outcomes
,  2 organizations
,  2 organic
,  2 opinions
,  2 ongoing
,  2 one
,  2 observations
,  2 nuanced
,  2 nsf
,  2 nitrous
,  2 needs
,  2 national
,  2 myself
,  2 movement
,  2 mission
,  2 minimize
,  2 might
,  2 mechanisms
,  2 mean
,  2 making
,  2 majority
,  2 losses
,  2 longevity
,  2 ll
,  2 limitations
,  2 limit
,  2 level
,  2 led
,  2 leading
,  2 lay
,  2 known
,  2 key
,  2 just
,  2 john
,  2 investigating
,  2 instead
,  2 inherently
,  2 infrared
,  2 informed
,  2 increased
,  2 incorrect
,  2 inappropriate
,  2 improved
,  2 immune
,  2 history
,  2 helpful
,  2 heat
,  2 grant
,  2 geocentric
,  2 generations
,  2 free
,  2 framework
,  2 fostering
,  2 focusing
,  2 fields
,  2 fertility
,  2 feel
,  2 facing
,  2 experimental
,  2 examine
,  2 evolved
,  2 equitable
,  2 entities
,  2 engage
,  2 encourage
,  2 emit
,  2 efficiency
,  2 effects
,  2 effectively
,  2 each
,  2 driven
,  2 dissonance
,  2 discuss
,  2 diminish
,  2 develop
,  2 determined
,  2 definitively
,  2 defined
,  2 decreased
,  2 d
,  2 contributions
,  2 contributing
,  2 continuous
,  2 consume
,  2 considering
,  2 conclusion
,  2 concerned
,  2 concern
,  2 component
,  2 complete
,  2 compelling
,  2 combination
,  2 collectively
,  2 collective
,  2 collaborative
,  2 cognitive
,  2 center
,  2 causing
,  2 causes
,  2 cases
,  2 cant
,  2 built
,  2 billions
,  2 better
,  2 belong
,  2 believe
,  2 behavior
,  2 become
,  2 balanced
,  2 awareness
,  2 awarded
,  2 atoms
,  2 atomic
,  2 assess
,  2 aspect
,  2 ask
,  2 arises
,  2 approaches
,  2 applied
,  2 apologize
,  2 answer
,  2 amounts
,  2 allows
,  2 all
,  2 align
,  2 air
,  2 aimed
,  2 agency
,  2 agencies
,  2 advancements
,  2 adopting
,  2 accumulated
,  2 account
,  2 absorb
,  1 year
,  1 worth
,  1 wonderful
,  1 within
,  1 willingness
,  1 wealth
,  1 ways
,  1 water
,  1 warrants
,  1 warmer
,  1 war
,  1 vomiting
,  1 volcanoes
,  1 volatilization
,  1 visible
,  1 verify
,  1 ve
,  1 varies
,  1 validation
,  1 validate
,  1 utilizing
,  1 urgency
,  1 unprecedented
,  1 unless
,  1 understandable
,  1 underlying
,  1 under
,  1 uncertainties
,  1 unbiased
,  1 types
,  1 type
,  1 trivial
,  1 trends
,  1 trend
,  1 trapping
,  1 transparency
,  1 trained
,  1 timescales
,  1 tied
,  1 throughout
,  1 threats
,  1 threat
,  1 thousand
,  1 thing
,  1 therefore
,  1 terms
,  1 tectonic
,  1 technologies
,  1 technological
,  1 techniques
,  1 taking
,  1 taken
,  1 t
,  1 systems
,  1 surely
,  1 suppressing
,  1 superior
,  1 summary
,  1 sufficient
,  1 subatomic
,  1 stuff
,  1 studies
,  1 stuck
,  1 struggle
,  1 strives
,  1 stored
,  1 store
,  1 stop
,  1 stewardship
,  1 sterilize
,  1 stem
,  1 statement
,  1 state
,  1 stabilizing
,  1 stability
,  1 speaking
,  1 something
,  1 somehow
,  1 solid
,  1 solely
,  1 slowly
,  1 slow
,  1 situations
,  1 simultaneously
,  1 simulating
,  1 signifies
,  1 shown
,  1 show
,  1 shift
,  1 shared
,  1 share
,  1 shapes
,  1 seriously
,  1 sequestration
,  1 sequester
,  1 seen
,  1 seems
,  1 seemed
,  1 seeking
,  1 seek
,  1 runoff
,  1 rocks
,  1 risk
,  1 revising
,  1 reversing
,  1 reversed
,  1 results
,  1 result
,  1 rest
,  1 responsive
,  1 response
,  1 resource
,  1 residues
,  1 required
,  1 request
,  1 reputable
,  1 represent
,  1 reports
,  1 replace
,  1 repeated
,  1 renewable
,  1 remains
,  1 remain
,  1 reliance
,  1 reliability
,  1 relationships
,  1 related
,  1 rejection
,  1 reject
,  1 regularly
,  1 regular
,  1 reflects
,  1 reflection
,  1 refined
,  1 refer
,  1 reenters
,  1 reduces
,  1 record
,  1 recognizing
,  1 recent
,  1 received
,  1 reason
,  1 reacted
,  1 rates
,  1 rapid
,  1 raise
,  1 questioned
,  1 quantity
,  1 publishing
,  1 published
,  1 proves
,  1 proven
,  1 provable
,  1 protect
,  1 proposals
,  1 promotes
,  1 prominent
,  1 produce
,  1 priorities
,  1 previously
,  1 previous
,  1 prevent
,  1 prevailing
,  1 pressures
,  1 prematurely
,  1 predicted
,  1 precipitation
,  1 potent
,  1 possibility
,  1 pose
,  1 populations
,  1 pollutant
,  1 policy
,  1 point
,  1 plays
,  1 play
,  1 plates
,  1 plants
,  1 planting
,  1 plant
,  1 planetary
,  1 pieces
,  1 physics
,  1 phrase
,  1 phone
,  1 perspectives
,  1 persist
,  1 period
,  1 perfect
,  1 patterns
,  1 past
,  1 particles
,  1 parrotbox
,  1 panel
,  1 paleontology
,  1 own
,  1 overwhelmed
,  1 overwhelm
,  1 others
,  1 order
,  1 optimal
,  1 opposing
,  1 opposes
,  1 ones
,  1 ok
,  1 offs
,  1 offer
,  1 ocean
,  1 observing
,  1 observe
,  1 observation
,  1 observably
,  1 objective
,  1 nutrients
,  1 numbers
,  1 number
,  1 notion
,  1 noting
,  1 none
,  1 nitrification
,  1 necessary
,  1 naked
,  1 much
,  1 move
,  1 monitoring
,  1 modern
,  1 modeling
,  1 mobilized
,  1 mobilization
,  1 mitigation
,  1 minimizes
,  1 millions
,  1 microwave
,  1 methodologically
,  1 measurements
,  1 meaningful
,  1 maximizing
,  1 matching
,  1 matches
,  1 manure
,  1 managing
,  1 management
,  1 mainstream
,  1 made
,  1 lower
,  1 loss
,  1 lithosphere
,  1 literature
,  1 likely
,  1 lifetime
,  1 let
,  1 less
,  1 legumes
,  1 leads
,  1 leaching
,  1 later
,  1 largely
,  1 laboratories
,  1 kidding
,  1 keeping
,  1 keeling
,  1 judgment
,  1 ipcc
,  1 investment
,  1 investigates
,  1 introduced
,  1 interpret
,  1 interplay
,  1 intergovernmental
,  1 interconnections
,  1 interconnected
,  1 interactions
,  1 intensive
,  1 intended
,  1 intend
,  1 intelligence
,  1 integrated
,  1 institutions
,  1 instances
,  1 instability
,  1 inorganic
,  1 innovations
,  1 infrastructure
,  1 informative
,  1 influential
,  1 influenced
,  1 inflate
,  1 infinite
,  1 inferred
,  1 indirectly
,  1 incorporating
,  1 inconsistencies
,  1 inclusion
,  1 includes
,  1 included
,  1 improving
,  1 improvement
,  1 imprisoned
,  1 importance
,  1 implementing
,  1 im
,  1 ignored
,  1 identify
,  1 identified
,  1 identification
,  1 id
,  1 hundred
,  1 historical
,  1 higher
,  1 held
,  1 heavily
,  1 healthy
,  1 he
,  1 having
,  1 harmful
,  1 harm
,  1 happens
,  1 happened
,  1 happen
,  1 had
,  1 habitable
,  1 habitability
,  1 haber
,  1 growth
,  1 growing
,  1 grounded
,  1 greater
,  1 gravitational
,  1 good
,  1 going
,  1 go
,  1 given
,  1 ghg
,  1 geological
,  1 genetics
,  1 gas
,  1 gaps
,  1 gap
,  1 furthermore
,  1 further
,  1 fully
,  1 frustration
,  1 founder
,  1 forms
,  1 form
,  1 fluctuated
,  1 floor
,  1 fixed
,  1 fix
,  1 finite
,  1 finding
,  1 find
,  1 few
,  1 fertilization
,  1 feedback
,  1 feasible
,  1 farmers
,  1 famine
,  1 familiarize
,  1 fallibility
,  1 facilitate
,  1 face
,  1 eye
,  1 extreme
,  1 external
,  1 express
,  1 explores
,  1 explore
,  1 explicitly
,  1 explanatory
,  1 explains
,  1 explained
,  1 explain
,  1 experience
,  1 expecting
,  1 existential
,  1 executed
,  1 excruciating
,  1 examples
,  1 examining
,  1 examination
,  1 exactly
,  1 exact
,  1 exacerbate
,  1 evolve
,  1 evident
,  1 events
,  1 evaluated
,  1 evaluate
,  1 enhancing
,  1 enhanced
,  1 enhance
,  1 engagement
,  1 encourages
,  1 empirical
,  1 emphasizes
,  1 empathy
,  1 emotions
,  1 emerges
,  1 embrace
,  1 eliminating
,  1 efficiently
,  1 effective
,  1 effecting
,  1 ecosystem
,  1 earthquakes
,  1 eachother
,  1 dynamic
,  1 drives
,  1 dont
,  1 don
,  1 dominant
,  1 doing
,  1 dogmatic
,  1 diversification
,  1 distribution
,  1 dissenting
,  1 displace
,  1 discussion
,  1 discover
,  1 discourse
,  1 diminishing
,  1 die
,  1 determine
,  1 design
,  1 deployment
,  1 depiction
,  1 depends
,  1 denitrification
,  1 demonstrated
,  1 demand
,  1 deeper
,  1 deepens
,  1 decrease
,  1 decision
,  1 decades
,  1 dangerous
,  1 danger
,  1 curve
,  1 curious
,  1 critic
,  1 creativity
,  1 created
,  1 course
,  1 costly
,  1 cosmological
,  1 cosmic
,  1 cores
,  1 convey
,  1 conversation
,  1 converging
,  1 converges
,  1 convergence
,  1 controlled
,  1 contribution
,  1 continually
,  1 continental
,  1 contextualize
,  1 context
,  1 consumption
,  1 constructive
,  1 consistently
,  1 consistent
,  1 considerations
,  1 conservation
,  1 conditions
,  1 computer
,  1 compromising
,  1 comprised
,  1 compost
,  1 composition
,  1 completely
,  1 comparative
,  1 common
,  1 committed
,  1 commitment
,  1 commiserate
,  1 come
,  1 combustion
,  1 combining
,  1 combined
,  1 combine
,  1 coherent
,  1 coherence
,  1 coastlines
,  1 closely
,  1 clear
,  1 cleaner
,  1 claming
,  1 claiming
,  1 characterization
,  1 channel
,  1 changes
,  1 challenge
,  1 cease
,  1 caused
,  1 capacity
,  1 build
,  1 bubbles
,  1 bring
,  1 bridge
,  1 bottom
,  1 bosch
,  1 biogeography
,  1 bias
,  1 betraying
,  1 benefits
,  1 believed
,  1 belief
,  1 begins
,  1 before
,  1 basis
,  1 basic
,  1 base
,  1 background
,  1 aware
,  1 avoiding
,  1 augment
,  1 attention
,  1 assured
,  1 assessments
,  1 assessment
,  1 assertion
,  1 asking
,  1 argued
,  1 areas
,  1 approximately
,  1 appropriate
,  1 applications
,  1 answers
,  1 ans
,  1 anatomy
,  1 analyze
,  1 among
,  1 always
,  1 allocation
,  1 allign
,  1 alive
,  1 aligning
,  1 aims
,  1 agreed
,  1 agree
,  1 age
,  1 against
,  1 again
,  1 affecting
,  1 advocating
,  1 advancement
,  1 addressed
,  1 additional
,  1 actual
,  1 activity
,  1 actions
,  1 action
,  1 acknowledging
,  1 acidification
,  1 achieved
,  1 accumulation
,  1 accountable
,  1 according
,  1 access
,  1 accept
,  1 absolutely
,  1 absence
,  1 abandoning
,  1 5
,  1 298
,  1 1950s
,  1 180ppm
,  1 100
